hour,temperature(degree),relative humidity(%),wind_speed(m/s),wind_direction(360degree),precipitation(mm),Date,Acc_hour
1,22.4,96,0.8,237,0,2021/7/19,1
2,22.6,93,0.7,224,0,2021/7/19,2
3,22.5,92,0.8,178,0,2021/7/19,3
4,22.2,93,0.6,208,0,2021/7/19,4
5,22.3,90,0.8,266,0,2021/7/19,5
6,22.4,90,0.8,229,0,2021/7/19,6
7,26.2,75,0.3,285,0,2021/7/19,7
8,27.9,71,0.4,58,0,2021/7/19,8
9,28.1,69,1.3,80,0,2021/7/19,9
10,28.9,69,1.2,82,0,2021/7/19,10
11,28.8,72,1.6,74,0,2021/7/19,11
12,28.5,71,1.5,79,0,2021/7/19,12
13,28.4,75,1.5,75,0,2021/7/19,13
14,28.1,79,1.2,73,0,2021/7/19,14
15,27.1,78,1.3,71,0,2021/7/19,15
16,26.6,82,1.3,67,0,2021/7/19,16
17,25.1,90,1,58,0,2021/7/19,17
18,24.2,93,1.2,97,0,2021/7/19,18
19,23.9,95,0.7,74,0,2021/7/19,19
20,23.6,96,0.4,274,0,2021/7/19,20
21,23.5,94,0.3,308,0,2021/7/19,21
22,23.1,95,0.5,229,0,2021/7/19,22
23,22.7,96,0.8,189,0,2021/7/19,23
24,23,92,0.6,270,0,2021/7/19,24
1,22.5,94,0.8,193,0.5,2021/7/20,25
2,22.6,92,1,169,0,2021/7/20,26
3,22.6,92,0.6,196,0,2021/7/20,27
4,22.3,92,0.9,187,0,2021/7/20,28
5,22.6,88,0.6,192,0,2021/7/20,29
6,22.7,90,0,0,0,2021/7/20,30
7,23.4,86,0.6,201,0,2021/7/20,31
8,25.1,80,0.2,0,0,2021/7/20,32
9,25.9,80,0.6,55,0,2021/7/20,33
10,28.6,66,1.4,68,0,2021/7/20,34
11,28.1,77,1.9,121,0,2021/7/20,35
12,24.6,93,1.3,108,0,2021/7/20,36
13,22.6,100,0.8,207,3,2021/7/20,37
14,23.4,100,0.7,205,5.5,2021/7/20,38
15,27.3,83,0.5,78,0,2021/7/20,39
16,25.5,92,0.5,60,0,2021/7/20,40
17,24.3,95,0.8,139,0,2021/7/20,41
18,23.6,99,0.4,226,0.5,2021/7/20,42
19,22.6,100,1.1,216,25.5,2021/7/20,43
20,22.3,100,0.9,202,3,2021/7/20,44
21,22.2,99,0.8,185,0,2021/7/20,45
22,22.3,98,0.3,243,0,2021/7/20,46
23,22.2,98,0.3,195,0,2021/7/20,47
24,22.4,96,1,177,0,2021/7/20,48
1,22.4,94,0.7,160,0,2021/7/21,49
2,21.8,98,0.6,223,0,2021/7/21,50
3,21.5,99,1.3,183,0,2021/7/21,51
4,21.8,95,0.5,210,0,2021/7/21,52
5,21.5,96,0.9,200,0,2021/7/21,53
6,22.1,94,1.1,237,0,2021/7/21,54
7,24.4,84,0.7,201,0,2021/7/21,55
8,28.1,69,0.3,238,0,2021/7/21,56
9,27.8,73,0.5,318,0,2021/7/21,57
10,26,82,1.4,164,0,2021/7/21,58
11,26.7,79,0.8,122,0,2021/7/21,59
12,27.1,77,1,53,0,2021/7/21,60
13,27.2,77,1.5,157,0,2021/7/21,61
14,27.2,76,0.9,173,0,2021/7/21,62
15,25.7,81,1.4,175,0,2021/7/21,63
16,24.5,89,1,177,0,2021/7/21,64
17,24.3,91,0.2,0,0,2021/7/21,65
18,24.6,90,0,0,0,2021/7/21,66
19,23.7,94,0.2,0,0,2021/7/21,67
20,23.5,94,0.3,86,0,2021/7/21,68
21,23.4,94,0.2,0,0,2021/7/21,69
22,23.3,95,0.8,167,0,2021/7/21,70
23,23.3,95,0.6,211,0,2021/7/21,71
24,22.7,95,0.6,202,0,2021/7/21,72
1,22.7,94,1.2,164,0,2021/7/22,73
2,23.2,88,0.9,203,0,2021/7/22,74
3,22.8,89,0.8,182,0,2021/7/22,75
4,22.2,92,1.3,102,0,2021/7/22,76
5,22.7,89,1.1,200,0,2021/7/22,77
6,23.4,85,0.7,189,0,2021/7/22,78
7,24.4,83,0.7,237,0,2021/7/22,79
8,27.7,75,0.9,88,0,2021/7/22,80
9,27.4,76,1.6,100,0,2021/7/22,81
10,27.9,75,1,66,0,2021/7/22,82
11,28.5,73,1.7,120,0,2021/7/22,83
12,29.3,72,0.4,316,0,2021/7/22,84
13,28.6,75,1.9,169,0,2021/7/22,85
14,27,82,2.4,170,0,2021/7/22,86
15,24.9,93,1.9,173,0,2021/7/22,87
16,24.8,91,0.8,158,0,2021/7/22,88
17,24.5,95,0.1,0,0,2021/7/22,89
18,23.9,99,0,0,0.5,2021/7/22,90
19,23.7,99,0.2,0,0,2021/7/22,91
20,23.4,100,0,0,0.5,2021/7/22,92
21,23.1,100,0.4,287,0.5,2021/7/22,93
22,23.1,100,0.6,199,0,2021/7/22,94
23,23,98,0.3,256,0,2021/7/22,95
24,22.8,98,0.1,0,0,2021/7/22,96
1,22.6,99,0.2,0,0,2021/7/23,97
2,22.4,99,0.6,99,0,2021/7/23,98
3,22.2,99,0,0,0,2021/7/23,99
4,22.7,97,0.3,262,0,2021/7/23,100
5,22.7,95,0.6,180,0,2021/7/23,101
6,23.1,94,0.1,0,0,2021/7/23,102
7,25.9,86,0.3,45,0,2021/7/23,103
8,26.4,86,0.7,103,0,2021/7/23,104
9,26,87,1,61,0,2021/7/23,105
10,26.3,87,0.4,317,0,2021/7/23,106
11,27.7,82,1.2,158,0,2021/7/23,107
12,27.3,81,1.7,134,0,2021/7/23,108
13,28.1,78,1.7,161,0,2021/7/23,109
14,30.3,69,0.9,92,0,2021/7/23,110
15,30.1,66,1.4,70,0,2021/7/23,111
16,28.2,70,0.2,0,0,2021/7/23,112
17,27,77,0.4,166,0,2021/7/23,113
18,26.5,79,0.1,0,0,2021/7/23,114
19,25.5,79,1,145,0,2021/7/23,115
20,24.9,81,0.5,338,0,2021/7/23,116
21,23.7,88,0.3,237,0,2021/7/23,117
22,23.6,88,0.2,0,0,2021/7/23,118
23,23.6,88,0.6,186,0,2021/7/23,119
24,24.1,84,0.2,0,0,2021/7/23,120
1,23.7,87,0.7,150,0,2021/7/24,121
2,23.5,87,0.3,73,0,2021/7/24,122
3,23.3,90,0.5,207,0,2021/7/24,123
4,22.8,94,0.9,146,0,2021/7/24,124
5,24,81,0.7,306,0,2021/7/24,125
6,27.6,55,3,301,0,2021/7/24,126
7,28.7,55,2.6,281,0,2021/7/24,127
8,29.5,53,4,308,0,2021/7/24,128
9,30.7,51,3.4,303,0,2021/7/24,129
10,29.9,72,2.2,109,0,2021/7/24,130
11,29.1,82,2.7,113,0,2021/7/24,131
12,29.9,78,1.2,128,0,2021/7/24,132
13,29.4,80,2.6,109,0,2021/7/24,133
14,28.9,82,2.3,115,0,2021/7/24,134
15,28,89,1.8,68,0,2021/7/24,135
16,27.5,91,1.4,75,0,2021/7/24,136
17,27.1,90,1.1,74,0,2021/7/24,137
18,25.9,96,0.9,63,0,2021/7/24,138
19,24.9,99,0.2,0,0,2021/7/24,139
20,24.6,100,0.3,249,0,2021/7/24,140
21,24.3,100,1.1,74,0,2021/7/24,141
22,23.6,95,0.5,145,0,2021/7/24,142
23,24.1,87,0.8,116,0,2021/7/24,143
24,24,84,0.8,144,0,2021/7/24,144
1,25.4,67,0.5,263,0,2021/7/25,145
2,25.4,66,0.3,257,0,2021/7/25,146
3,25.9,62,0.8,293,0,2021/7/25,147
4,26.8,62,0.9,315,0,2021/7/25,148
5,26.7,64,0.7,305,0,2021/7/25,149
6,26.8,68,1.4,314,0,2021/7/25,150
7,28.7,59,2.6,299,0,2021/7/25,151
8,28.8,62,1.3,315,0,2021/7/25,152
9,29.5,59,1.5,318,0,2021/7/25,153
10,31.3,54,1.5,282,0,2021/7/25,154
11,32.5,51,1.2,299,0,2021/7/25,155
12,32.9,50,1.7,329,0,2021/7/25,156
13,32.6,51,1.7,307,0,2021/7/25,157
14,30.6,56,1.8,297,0,2021/7/25,158
15,30.7,58,1.2,199,0,2021/7/25,159
16,27.7,70,1.8,317,0,2021/7/25,160
17,28.2,62,1.5,250,0,2021/7/25,161
18,25.8,80,1.3,236,0.5,2021/7/25,162
19,26.3,72,1.6,330,0.5,2021/7/25,163
20,27.5,64,0.8,84,0,2021/7/25,164
21,26.4,68,0.8,161,0,2021/7/25,165
22,26.3,67,0.8,171,0,2021/7/25,166
23,27,65,0.7,295,0,2021/7/25,167
24,27.7,62,0.6,237,0,2021/7/25,168
1,27.5,61,0.6,341,0,2021/7/26,169
2,28,60,1.7,308,0,2021/7/26,170
3,28,58,1.3,307,0,2021/7/26,171
4,27.3,64,0.8,307,0,2021/7/26,172
5,27.4,62,1.2,312,0,2021/7/26,173
6,27.7,59,1.2,314,0,2021/7/26,174
7,29.2,57,1.8,314,0,2021/7/26,175
8,29.9,55,2,323,0,2021/7/26,176
9,29.4,57,3,326,0,2021/7/26,177
10,29.8,55,3.4,330,0,2021/7/26,178
11,30.2,55,3.3,325,0,2021/7/26,179
12,30.1,55,2.9,313,0,2021/7/26,180
13,31,54,1.8,274,0,2021/7/26,181
14,32.1,51,1.7,298,0,2021/7/26,182
15,33.1,50,1.1,317,0,2021/7/26,183
16,30.3,63,1.5,103,0,2021/7/26,184
17,27.2,72,1.7,120,0,2021/7/26,185
18,25.6,80,0.6,139,0,2021/7/26,186
19,24.3,90,0.2,0,0,2021/7/26,187
20,24.2,91,0,0,0,2021/7/26,188
21,24.1,90,0.3,217,0,2021/7/26,189
22,23.9,89,0.2,0,0,2021/7/26,190
23,24,86,0.2,0,0,2021/7/26,191
24,24.2,82,0.8,227,0,2021/7/26,192
1,23.3,88,0,0,0,2021/7/27,193
2,23.2,88,0.4,216,0,2021/7/27,194
3,23.6,84,0.4,221,0,2021/7/27,195
4,23.2,84,0.2,0,0,2021/7/27,196
5,23,86,0.1,0,0,2021/7/27,197
6,23.8,81,0.3,243,0,2021/7/27,198
7,27.4,69,0.4,60,0,2021/7/27,199
8,27.6,72,0.9,64,0,2021/7/27,200
9,29.8,67,0.6,72,0,2021/7/27,201
10,29.8,65,0.9,73,0,2021/7/27,202
11,28.7,76,1.8,121,0,2021/7/27,203
12,27.7,85,0.8,61,0,2021/7/27,204
13,29.3,69,1.1,112,0,2021/7/27,205
14,27.9,79,0.7,84,0,2021/7/27,206
15,27.9,80,0.5,66,0,2021/7/27,207
16,27.3,80,0.7,67,0,2021/7/27,208
17,26.9,84,0.3,71,0,2021/7/27,209
18,26.3,88,0,0,0,2021/7/27,210
19,24.9,94,0.4,239,0,2021/7/27,211
20,25,94,0,0,0,2021/7/27,212
21,24.2,96,0.3,163,0,2021/7/27,213
22,24,91,0.4,247,0,2021/7/27,214
23,23.9,84,0.7,198,0,2021/7/27,215
24,23.6,82,0.7,223,0,2021/7/27,216
1,23,84,0.6,218,0,2021/7/28,217
2,23.1,81,0.1,0,0,2021/7/28,218
3,22.5,85,0.2,0,0,2021/7/28,219
4,22.7,90,0.2,0,0,2021/7/28,220
5,22.9,90,0.8,82,0,2021/7/28,221
6,23.2,87,0.7,100,0,2021/7/28,222
7,26.7,73,0.2,0,0,2021/7/28,223
8,27.6,73,1.2,55,0,2021/7/28,224
9,28.6,69,1,64,0,2021/7/28,225
10,29.7,75,1.5,66,0,2021/7/28,226
11,27.9,81,1.5,129,0,2021/7/28,227
12,25.7,94,1,98,1,2021/7/28,228
13,27.9,81,1,89,0,2021/7/28,229
14,23.2,98,0.3,157,5.5,2021/7/28,230
15,25.2,92,0.2,0,0.5,2021/7/28,231
16,26.3,86,0.3,213,0.5,2021/7/28,232
17,27,86,0,0,0,2021/7/28,233
18,24.7,93,0.1,0,0,2021/7/28,234
19,23.8,94,0.7,185,0,2021/7/28,235
20,23.8,95,0.6,203,0,2021/7/28,236
21,23.6,95,0.3,189,0,2021/7/28,237
22,23.6,95,0.8,195,0,2021/7/28,238
23,23.6,93,0.7,186,0,2021/7/28,239
24,23.2,94,0.6,233,0,2021/7/28,240
1,23.3,93,0.6,185,0,2021/7/29,241
2,22.8,96,0.6,223,0,2021/7/29,242
3,23.1,95,0.5,199,0,2021/7/29,243
4,23.2,94,0.2,0,0,2021/7/29,244
5,23,94,0.5,207,0,2021/7/29,245
6,23,95,0,0,0,2021/7/29,246
7,26.7,77,0.1,0,0,2021/7/29,247
8,28.5,75,0.4,80,0,2021/7/29,248
9,28.7,70,1.2,65,0,2021/7/29,249
10,28.3,73,0.8,83,0,2021/7/29,250
11,27.9,79,0.8,57,0,2021/7/29,251
12,28.1,81,0.9,71,0,2021/7/29,252
13,29.8,67,1.4,67,0,2021/7/29,253
14,29.7,67,1.8,87,0,2021/7/29,254
15,29.3,68,0.6,64,0,2021/7/29,255
16,28.1,77,0.7,78,0,2021/7/29,256
17,28.5,75,1.5,80,0,2021/7/29,257
18,25.9,85,0.8,66,0,2021/7/29,258
19,24.4,96,0.3,105,0,2021/7/29,259
20,23.9,98,0,0,0,2021/7/29,260
21,23.9,96,0.5,209,0,2021/7/29,261
22,24.1,94,0.5,187,0,2021/7/29,262
23,23.7,93,0.6,181,0,2021/7/29,263
24,23.4,93,0.7,165,0,2021/7/29,264
1,23,95,0.2,0,0,2021/7/30,265
2,23.5,98,0.6,140,0,2021/7/30,266
3,23,98,0.6,201,0,2021/7/30,267
4,23.2,95,0.2,0,0,2021/7/30,268
5,23.5,93,0.2,0,0,2021/7/30,269
6,23.6,93,0.2,0,0,2021/7/30,270
7,25,89,0.2,0,0,2021/7/30,271
8,25.5,86,0.4,190,0,2021/7/30,272
9,26.9,81,0.3,142,0,2021/7/30,273
10,30.2,70,0.5,50,0,2021/7/30,274
11,30.1,69,0.9,126,0,2021/7/30,275
12,27.7,80,0.7,59,0,2021/7/30,276
13,24.4,92,1.4,180,1.5,2021/7/30,277
14,24.3,96,0.2,0,1.5,2021/7/30,278
15,24.4,96,0.3,125,0,2021/7/30,279
16,24.1,95,0.5,198,0.5,2021/7/30,280
17,24.3,93,0.2,0,0,2021/7/30,281
18,24.2,95,0.3,186,0,2021/7/30,282
19,23.3,97,0.2,0,0,2021/7/30,283
20,23.3,96,0.6,209,0,2021/7/30,284
21,23,97,0.5,163,0,2021/7/30,285
22,22.7,97,0.2,0,0,2021/7/30,286
23,22.9,100,0.4,37,0,2021/7/30,287
24,22.7,100,0.2,0,0,2021/7/30,288
1,23.6,88,0.5,325,0,2021/7/31,289
2,23.4,91,0.5,115,0,2021/7/31,290
3,23,95,0.3,109,0,2021/7/31,291
4,22.8,95,0.1,0,0,2021/7/31,292
5,22.6,96,0.4,127,0,2021/7/31,293
6,23.5,88,0.6,137,0,2021/7/31,294
7,24.5,85,1.1,165,0,2021/7/31,295
8,26.5,80,0.2,0,0,2021/7/31,296
9,26.4,83,0,0,0,2021/7/31,297
10,25.8,86,0.2,0,0,2021/7/31,298
11,23.7,97,0.5,225,1,2021/7/31,299
12,23.5,98,0.4,216,2,2021/7/31,300
13,24,95,0.3,275,0.5,2021/7/31,301
14,24.6,95,0.4,263,0,2021/7/31,302
15,24.7,95,0.2,0,0.5,2021/7/31,303
16,22.5,99,0.4,179,7,2021/7/31,304
17,22.5,99,0.2,0,2.5,2021/7/31,305
18,21.8,99,1.2,176,1,2021/7/31,306
19,21.8,98,0.9,197,0.5,2021/7/31,307
20,21.8,92,1,172,0,2021/7/31,308
21,21.4,96,0.9,168,0.5,2021/7/31,309
22,21.5,96,0.4,185,0.5,2021/7/31,310
23,21.5,96,0.2,0,0,2021/7/31,311
24,21.4,96,0.8,98,0.5,2021/7/31,312
1,22,99,0.4,88,0,2021/8/1,313
2,21.7,98,0.1,0,0,2021/8/1,314
3,21.9,95,0.7,204,0,2021/8/1,315
4,21.4,98,0.8,203,0.5,2021/8/1,316
5,21.1,100,0.8,57,5.5,2021/8/1,317
6,21.1,100,0.2,0,2,2021/8/1,318
7,21.2,100,0.1,0,2.5,2021/8/1,319
8,21.3,100,0.5,213,4,2021/8/1,320
9,21.2,100,1.2,182,5,2021/8/1,321
10,21.5,100,1,187,2.5,2021/8/1,322
11,21.6,100,0.8,200,1.5,2021/8/1,323
12,21.9,100,0.6,193,3,2021/8/1,324
13,22.5,100,0.7,221,1,2021/8/1,325
14,24,95,0.3,153,0.5,2021/8/1,326
15,23.9,96,0.4,227,0,2021/8/1,327
16,23,99,0.2,0,0,2021/8/1,328
17,22.2,100,0.1,0,3.5,2021/8/1,329
18,22.1,100,0.6,218,1.5,2021/8/1,330
19,21.8,100,0.3,207,0,2021/8/1,331
20,21.9,100,1.2,180,0,2021/8/1,332
21,21.8,100,0.4,222,0,2021/8/1,333
22,21.5,100,0.5,203,0,2021/8/1,334
23,21.6,100,0.2,0,0,2021/8/1,335
24,21.7,100,0.2,0,0,2021/8/1,336
1,21.7,100,0.3,222,0,2021/8/2,337
2,21.5,100,0.3,251,2,2021/8/2,338
3,21.5,100,0.5,191,1.5,2021/8/2,339
4,21.4,100,0.8,184,1.5,2021/8/2,340
5,21.6,100,1.3,185,2,2021/8/2,341
6,21.6,100,1.1,178,0,2021/8/2,342
7,21.9,100,0.7,259,1.5,2021/8/2,343
8,22.3,100,0.8,175,2.5,2021/8/2,344
9,23.3,98,1.3,186,1,2021/8/2,345
10,24.6,94,0.8,73,0,2021/8/2,346
11,25.7,88,0.8,64,0,2021/8/2,347
12,25.7,92,0.4,242,0,2021/8/2,348
13,24.1,98,0.1,0,3.5,2021/8/2,349
14,23.7,98,0.8,191,1,2021/8/2,350
15,23.2,100,0.6,179,3.5,2021/8/2,351
16,23.1,100,0.5,95,2,2021/8/2,352
17,22.8,100,0,0,1.5,2021/8/2,353
18,22.6,100,0.3,110,0.5,2021/8/2,354
19,22.3,100,0.1,0,0,2021/8/2,355
20,22,100,0.3,250,0,2021/8/2,356
21,22,100,0.5,196,0,2021/8/2,357
22,22,98,0.4,91,0,2021/8/2,358
23,21.8,99,0.4,123,0,2021/8/2,359
24,22,98,0.6,263,0,2021/8/2,360
1,22.1,97,0.6,196,0,2021/8/3,361
2,22.2,94,0.3,259,0,2021/8/3,362
3,22.4,92,0.7,184,0,2021/8/3,363
4,22.8,89,1.3,176,0,2021/8/3,364
5,22.6,92,0.7,184,0,2021/8/3,365
6,22.7,92,0.7,189,0,2021/8/3,366
7,23,93,0.7,163,0,2021/8/3,367
8,24.2,89,0.7,234,0,2021/8/3,368
9,26.9,79,0.3,27,0,2021/8/3,369
10,27.3,78,0.1,0,0,2021/8/3,370
11,27.9,82,0.8,69,0,2021/8/3,371
12,27.7,77,1.3,101,0,2021/8/3,372
13,27.1,79,0.4,67,0,2021/8/3,373
14,28.9,77,1.4,79,0,2021/8/3,374
15,26.9,80,1.1,76,0,2021/8/3,375
16,25.9,85,1,61,0,2021/8/3,376
17,24.9,89,0.9,76,0,2021/8/3,377
18,24.1,92,0.4,131,0,2021/8/3,378
19,23.5,95,0.1,0,0,2021/8/3,379
20,23.4,97,0.1,0,0,2021/8/3,380
21,23.2,96,0.4,207,0,2021/8/3,381
22,23.1,94,0.4,213,0,2021/8/3,382
23,22.6,97,0.3,279,0,2021/8/3,383
24,22.8,96,0.7,171,0,2021/8/3,384
1,22.4,97,0.3,234,0,2021/8/4,385
2,22.5,98,0.3,300,0,2021/8/4,386
3,22.8,96,1.7,152,0,2021/8/4,387
4,22.1,98,0.5,147,0,2021/8/4,388
5,22,100,0.8,145,0,2021/8/4,389
6,22.5,100,0.4,165,0,2021/8/4,390
7,22.8,99,0.5,206,0,2021/8/4,391
8,23.9,94,0.6,142,0,2021/8/4,392
9,26.5,87,0.3,309,0,2021/8/4,393
10,24.4,95,1.3,129,0,2021/8/4,394
11,24.1,99,0.5,55,0.5,2021/8/4,395
12,23.4,100,0.6,73,5,2021/8/4,396
13,24.1,99,0.5,96,4,2021/8/4,397
14,24.2,100,0.1,0,1,2021/8/4,398
15,23,100,0.9,96,2,2021/8/4,399
16,23.4,100,0.7,123,0.5,2021/8/4,400
17,23.5,100,0.1,0,0.5,2021/8/4,401
18,23,100,1.2,132,0,2021/8/4,402
19,22.8,100,0.6,149,0,2021/8/4,403
20,22.5,100,0.1,0,0,2021/8/4,404
21,22.5,100,0.3,28,0,2021/8/4,405
22,22.4,100,0.6,185,0.5,2021/8/4,406
23,22.3,100,0.5,216,1.5,2021/8/4,407
24,22.3,100,0.7,166,0,2021/8/4,408
1,22.3,100,0.4,180,0,2021/8/5,409
2,22.1,100,0.9,188,0,2021/8/5,410
3,22.2,100,0.6,208,0,2021/8/5,411
4,22.1,100,0.5,195,0,2021/8/5,412
5,22.1,99,0.6,187,0,2021/8/5,413
6,21.9,100,0.9,196,1,2021/8/5,414
7,22.2,100,0.6,176,1,2021/8/5,415
8,23.5,93,0.8,213,0,2021/8/5,416
9,24.3,93,0.6,157,0,2021/8/5,417
10,24.7,89,0.4,237,0,2021/8/5,418
11,24.4,89,0.6,177,0,2021/8/5,419
12,23.7,92,0.6,212,0.5,2021/8/5,420
13,22.5,99,0.5,208,1.5,2021/8/5,421
14,22.4,99,0.5,223,2,2021/8/5,422
15,22.2,100,0.5,293,3,2021/8/5,423
16,22.4,100,0.9,175,2.5,2021/8/5,424
17,22.7,99,0.9,173,0,2021/8/5,425
18,22.3,99,0.6,107,1,2021/8/5,426
19,22,100,0.7,167,0,2021/8/5,427
20,22,99,0.7,205,0.5,2021/8/5,428
21,22.1,96,0.8,261,0,2021/8/5,429
22,21.6,99,1.2,173,0,2021/8/5,430
23,22.1,94,1.2,175,0,2021/8/5,431
24,22.2,93,1.5,179,0,2021/8/5,432
1,21.4,99,1.4,161,0.5,2021/8/6,433
2,21.6,97,1.5,163,0,2021/8/6,434
3,21.7,97,1,168,0,2021/8/6,435
4,21.7,97,0.8,171,0.5,2021/8/6,436
5,21.6,98,1.2,182,0.5,2021/8/6,437
6,21.8,98,0.9,196,0,2021/8/6,438
7,22.4,95,1.1,186,0,2021/8/6,439
8,23.2,92,0.3,126,0,2021/8/6,440
9,23.4,94,0.5,163,0,2021/8/6,441
10,24.4,89,1.4,182,0,2021/8/6,442
11,26.3,82,0.6,198,0,2021/8/6,443
12,26.1,84,0.7,183,0,2021/8/6,444
13,23.9,90,0.7,267,0.5,2021/8/6,445
14,22.7,99,0.8,180,2,2021/8/6,446
15,22.9,100,0.6,273,4.5,2021/8/6,447
16,22.4,100,0.5,218,2,2021/8/6,448
17,22.5,100,1.3,169,1,2021/8/6,449
18,22.7,100,0.6,166,0,2021/8/6,450
19,22.3,100,0.3,295,0,2021/8/6,451
20,22.1,100,0.4,273,0,2021/8/6,452
21,22,100,0.7,166,11,2021/8/6,453
22,22.2,100,0.3,145,0,2021/8/6,454
23,22.2,100,0.4,174,0,2021/8/6,455
24,22.2,100,0.5,95,0,2021/8/6,456
1,22.1,100,0.5,188,0.5,2021/8/7,457
2,22.4,98,0.8,216,0,2021/8/7,458
3,22.8,95,0.6,133,0,2021/8/7,459
4,22.4,99,0.7,178,2.5,2021/8/7,460
5,22.1,100,1,202,2.5,2021/8/7,461
6,22.2,100,0.8,145,9,2021/8/7,462
7,22.3,100,0.2,0,8,2021/8/7,463
8,22.5,100,0.3,243,13,2021/8/7,464
9,22.5,100,0.8,177,7,2021/8/7,465
10,22.5,100,0.9,195,13,2021/8/7,466
11,22.5,100,0.9,249,7,2021/8/7,467
12,22.9,100,1.2,156,2.5,2021/8/7,468
13,22.9,100,0.5,301,1,2021/8/7,469
14,22.6,100,1.2,255,8.5,2021/8/7,470
15,22.8,100,1.6,180,3,2021/8/7,471
16,22.7,100,1.6,308,11,2021/8/7,472
17,22.5,100,0.8,201,4.5,2021/8/7,473
18,23,98,0.9,136,0.5,2021/8/7,474
19,23.7,91,1.5,42,1,2021/8/7,475
20,22.4,100,1,104,0,2021/8/7,476
21,22.4,100,0.7,193,0.5,2021/8/7,477
22,22.7,100,0.3,261,0,2021/8/7,478
23,22.7,100,1.1,171,1.5,2021/8/7,479
24,23.1,98,1.7,180,0,2021/8/7,480
1,23.3,96,0.4,182,0,2021/8/8,481
2,22.4,100,0.7,53,1,2021/8/8,482
3,22.3,100,0.8,206,13.5,2021/8/8,483
4,22.3,100,0.3,88,1,2021/8/8,484
5,22.3,100,1.2,158,0.5,2021/8/8,485
6,22.2,100,0.4,320,0,2021/8/8,486
7,22.4,100,1.3,171,0,2021/8/8,487
8,22.5,100,0.1,0,0,2021/8/8,488
9,23.1,100,0.3,158,0,2021/8/8,489
10,25,95,0.7,200,0,2021/8/8,490
11,27.6,80,0.4,237,0,2021/8/8,491
12,27.7,83,0.6,59,0,2021/8/8,492
13,25.4,92,1.1,149,0,2021/8/8,493
14,25.2,90,0.6,46,0,2021/8/8,494
15,25.4,88,0.6,46,0,2021/8/8,495
16,25.3,88,0.4,92,0,2021/8/8,496
17,25.1,88,0.3,194,0,2021/8/8,497
18,24.4,92,0.7,137,0,2021/8/8,498
19,23.5,97,0.3,127,0,2021/8/8,499
20,23.4,98,0.1,0,0,2021/8/8,500
21,23.4,96,0.9,179,0,2021/8/8,501
22,23.3,93,0.2,0,0,2021/8/8,502
23,23.4,91,0.9,187,0,2021/8/8,503
24,23.4,91,1.2,182,0,2021/8/8,504
1,23.5,88,1.3,184,0,2021/8/9,505
2,23.8,87,1.1,213,0,2021/8/9,506
3,23.7,88,0.6,203,0,2021/8/9,507
4,23.4,88,1.2,173,0,2021/8/9,508
5,23.2,88,1,182,0,2021/8/9,509
6,23.1,88,0.9,176,0,2021/8/9,510
7,25,81,0.5,232,0,2021/8/9,511
8,27,80,0.6,37,0,2021/8/9,512
9,28.8,74,0.6,68,0,2021/8/9,513
10,28.8,76,1,68,0,2021/8/9,514
11,28.1,76,1.3,69,0,2021/8/9,515
12,28.1,78,1.2,67,0,2021/8/9,516
13,29.3,73,1.2,69,0,2021/8/9,517
14,29.6,71,1.1,66,0,2021/8/9,518
15,29.2,71,1.6,70,0,2021/8/9,519
16,27.1,85,1.2,67,0,2021/8/9,520
17,26,90,0.1,0,0,2021/8/9,521
18,25.9,93,0.3,57,0,2021/8/9,522
19,24.6,99,0.8,77,0,2021/8/9,523
20,24.4,100,0,0,0,2021/8/9,524
21,24.3,100,0,0,0,2021/8/9,525
22,24.2,100,0,0,0,2021/8/9,526
23,24,100,0,0,0,2021/8/9,527
24,23.4,100,0.3,322,0,2021/8/9,528
1,23.2,100,0.6,160,0,2021/8/10,529
2,23.3,98,0.3,173,0,2021/8/10,530
3,23,99,0,0,0,2021/8/10,531
4,22.6,99,0,0,0,2021/8/10,532
5,22.6,98,0.6,243,0,2021/8/10,533
6,22.7,95,1.2,177,0,2021/8/10,534
7,24.8,86,0.4,178,0,2021/8/10,535
8,27.7,78,0.3,17,0,2021/8/10,536
9,28.6,79,1.1,62,0,2021/8/10,537
10,27.2,82,2.1,130,0,2021/8/10,538
11,23.2,98,1.4,144,6.5,2021/8/10,539
12,22.5,98,1.2,322,2.5,2021/8/10,540
13,26,86,0.6,281,0,2021/8/10,541
14,27.2,77,1.1,305,0,2021/8/10,542
15,28.3,74,1.4,189,0,2021/8/10,543
16,27.2,84,1.1,70,0,2021/8/10,544
17,25.1,92,1.2,84,0,2021/8/10,545
18,23.5,95,0.3,279,0,2021/8/10,546
19,23.6,95,0.2,0,0,2021/8/10,547
20,22.4,100,1.1,71,0,2021/8/10,548
21,22.2,100,0.4,47,0,2021/8/10,549
22,22.5,99,0.9,243,0,2021/8/10,550
23,22.5,94,0.6,200,0,2021/8/10,551
24,22.1,98,0.1,0,0,2021/8/10,552
1,22,96,0.7,201,0,2021/8/11,553
2,21.7,93,0.5,218,0,2021/8/11,554
3,21.6,95,0,0,0,2021/8/11,555
4,21.6,98,0.3,203,0,2021/8/11,556
5,21.3,95,1.2,187,0,2021/8/11,557
6,21.9,90,1.1,189,0,2021/8/11,558
7,24.1,82,1,205,0,2021/8/11,559
8,26.6,75,1.1,69,0,2021/8/11,560
9,27,78,0.7,64,0,2021/8/11,561
10,27.2,80,1.7,56,0,2021/8/11,562
11,27.9,78,1.4,68,0,2021/8/11,563
12,27.7,83,1.3,75,0,2021/8/11,564
13,27,86,0.6,64,0,2021/8/11,565
14,26.3,89,0.3,68,0,2021/8/11,566
15,25.2,96,0.9,59,0,2021/8/11,567
16,24.5,98,0.9,63,0,2021/8/11,568
17,25.6,89,0.2,0,0,2021/8/11,569
18,25.1,94,0.2,0,0,2021/8/11,570
19,23.8,97,0.3,115,0,2021/8/11,571
20,23.5,98,0.4,139,0,2021/8/11,572
21,23.7,98,0.6,71,0,2021/8/11,573
22,23.1,100,0.5,244,0,2021/8/11,574
23,22.9,99,0.4,216,0,2021/8/11,575
24,22.8,97,0.9,196,0,2021/8/11,576
1,22.6,96,0.6,219,0,2021/8/12,577
2,22.8,93,0.5,256,0,2021/8/12,578
3,22.8,93,0.4,241,0,2021/8/12,579
4,22.8,90,0.7,192,0,2021/8/12,580
5,22,96,0.4,218,0,2021/8/12,581
6,22.6,92,0.7,175,0,2021/8/12,582
7,24.1,86,0.5,192,0,2021/8/12,583
8,26.7,77,0.2,0,0,2021/8/12,584
9,27.4,82,0.8,61,0,2021/8/12,585
10,27.7,84,1,63,0,2021/8/12,586
11,27.8,82,1.3,64,0,2021/8/12,587
12,28.7,74,1.3,64,0,2021/8/12,588
13,29.6,77,0.6,65,0,2021/8/12,589
14,29.5,76,1.3,71,0,2021/8/12,590
15,28.4,75,0.9,73,0,2021/8/12,591
16,26.6,81,0.4,37,0,2021/8/12,592
17,26.8,83,0.2,0,0,2021/8/12,593
18,25.3,88,0,0,0,2021/8/12,594
19,23.9,95,0,0,0,2021/8/12,595
20,23.7,96,0.1,0,0,2021/8/12,596
21,23.6,96,0.2,0,0,2021/8/12,597
22,23.6,95,0.1,0,0,2021/8/12,598
23,23.2,96,0.1,0,0,2021/8/12,599
24,23,95,0.4,207,0,2021/8/12,600